{"exp_size": [0.7748096846202278, 0.7918379028103715, 0.7613416518802587, 0.6885238395054663, 0.5779348634880659, 0.6932860168278863], "exp_position": [0.5209490012019918, 0.5450403525842825, 0.724469120256425, 0.6363917348749356, 0.49779634823421676, 0.6596703108007554], "exp_stats": [0.7285215499971381, 0.877408276572606, 0.8333638601110412, 0.6473470322248297, 0.6352011905443306, 0.7199416175376337], "exp_sf": [0.9656173086829605, 0.9645984774769618, 0.8956556579474557, 0.7913857249155745, 0.7681071489897544, 0.8694694064449661]}