{"exp_size": [0.8245778719020092, 0.8691717703623146, 0.5706427794631104, 0.773268234887511, 0.7338103142350181, 0.7287447770591267], "exp_position": [0.5360540323965428, 0.6349092782324995, 0.6280808196439814, 0.7965485661954096, 0.7873504664873218, 0.5646385438727034], "exp_stats": [0.7332379371529965, 0.8452006181672487, 0.6942132677007612, 0.8690515711750901, 0.9350695438154656, 0.790555778146643], "exp_sf": [0.9814664300841394, 0.9826054604773625, 0.9674431915746096, 0.9408677236563447, 0.9038749928452864, 0.7778833495506841]}