{"exp_size": [0.7735790738938814, 0.7908247953751933, 0.8504607635510273, 0.8804647701906015, 0.9079159750443592, 0.8805277316696241], "exp_position": [0.5383721595787305, 0.5350809913571061, 0.6142350180298781, 0.7946253791998168, 0.8671226604086772, 0.8502718791139602], "exp_stats": [0.7764924732413715, 0.9302100623891018, 0.9515711750901494, 0.7542956900005723, 0.740341136740885, 0.7982313548165532], "exp_sf": [0.965399805391792, 0.9785358594241885, 0.9762062847003606, 0.8950661095529735, 0.8973842367351613, 0.9210749241600367]}