{"exp_sf": [0.9276389459299635, 0.9525203636471756, 0.9579615710993984, 0.9011213664480329, 0.8296410862245245, 0.5216659510426117], "exp_position": [0.9977870066141039, 0.9965715086695515, 0.989985345539896, 0.9164842423812553, 0.8327774413475961, 0.5800749321084215], "exp_size": [0.9837304998456871, 0.9651052583486657, 0.9712118008167667, 0.9058371029968646, 0.8135528703581625, 0.6415953505818675], "exp_stats": [0.9438451447017521, 0.956565887645634, 0.9684507798683812, 0.91501927374712, 0.6880219669999715, 0.7466079614792773]}