{"exp_sf": [0.7430051813471502, 0.9150259067357513, 0.8818652849740933, 0.8383419689119171, 0.6974093264248704, 0.47150259067357514], "exp_position": [0.9691516709511567, 0.9886154976129269, 0.9757620271759088, 0.914799853103195, 0.8376790304810869, 0.7510099155343369], "exp_size": [0.8832170400293792, 0.9460154241645244, 0.9364671318398824, 0.8663239074550128, 0.7455012853470437, 0.5710613294160851], "exp_stats": [0.939037825927286, 0.9118619170033052, 0.8710980536173338, 0.8318031582813074, 0.5560044069041498, 0.6896804994491369]}