{"exp_sf": [0.8584070796460177, 0.8584070796460177, 0.9999999999999998, 0.9999999999999998, 0.8584070796460177, 0.43362831858407075], "exp_position": [0.9518072289156626, 0.9277108433734939, 1.0, 0.9759036144578312, 0.9759036144578312, 0.9518072289156626], "exp_size": [0.9277108433734939, 0.9277108433734939, 0.9036144578313253, 0.7590361445783133, 0.5421686746987951, 0.46987951807228917], "exp_stats": [0.9759036144578312, 1.0, 0.9277108433734939, 0.8795180722891566, 0.7108433734939757, 0.46987951807228917]}