{"exp_sf": [0.9722584025368318, 0.9787891058171483, 0.9881676901410251, 0.9661600303498096, 0.9272381192644611, 0.8201785791430393], "exp_position": [0.9993535558867125, 0.9987248150542938, 0.9957839909171329, 0.9679840171455856, 0.899364326624822, 0.7968364426872427], "exp_size": [0.9955205394578572, 0.9885251591517472, 0.9827567130863983, 0.9560880295474753, 0.9052137638795925, 0.7965741755580058], "exp_stats": [0.978339639025092, 0.9847121666085917, 0.9889130547472857, 0.9674807998705608, 0.7640975733494647, 0.7670495140778758]}