{"exp_sf": [0.6994818652849741, 0.8341968911917099, 0.8797927461139897, 0.8404145077720206, 0.6829015544041451, 0.6373056994818652], "exp_position": [0.9717223650385604, 0.9893499816378993, 0.9731913330885054, 0.919573999265516, 0.7796547925082629, 0.7609254498714653], "exp_size": [0.8839515240543517, 0.9577671685640837, 0.9019463826661769, 0.87146529562982, 0.7062063900110173, 0.6845391112743298], "exp_stats": [0.9103929489533602, 0.9107601909658464, 0.908189496878443, 0.7822254865956666, 0.45684906353286814, 0.5126698494307749]}